fit	g1	tau_exp	Size Distribution	Amplitude Size Dist (au)
1.003	1.0	0.0	1.0	20480.0
0.7179	0.7685707127643582	3.203522818254603e-05	1.048	61200.0
0.6499	0.5744081172488222	6.407045636509207e-05	1.096	121800.0
0.6254	0.5377990730298734	9.61056845476381e-05	1.148	201600.0
0.6122	0.544829637980456	0.00012814091273018413	1.204	299700.0
0.6023	0.5063885757231219	0.00016017614091273015	1.26	414700.0
0.5937	0.5092383815608628	0.0001922113690952762	1.3199999999999998	545100.0
0.5857	0.6373387197795637	0.00022424659727782225	1.3820000000000001	689000.0
0.578	0.7811912814731841	0.00025628182546036827	1.448	844300.0
0.5706	0.7368940248024956	0.0002883170536429143	1.516	1009000.0
0.5634	0.581579606664036	0.0003203522818254603	1.5879999999999999	1179000.0
0.5564	0.49664912939988426	0.0003523875100080064	1.6640000000000001	1354000.0
0.5496	0.47195603156706056	0.0003844227381905524	1.7420000000000002	1528000.0
0.5431	0.43282600526117676	0.0004164579663730984	1.826	1701000.0
0.5367	0.4296160591256921	0.0004484931945556445	1.912	1867000.0
0.5305	0.526525115871209	0.0004805284227381905	2.0	2024000.0
0.5244	0.6733684078667466	0.0005125636509207365	2.1	2169000.0
0.5186	0.7079731930348316	0.0005445988791032826	2.2	2298000.0
0.5129	0.594012276086687	0.0005766341072858286	2.3	2408000.0
0.5073	0.4940655142177093	0.0006086693354683746	2.4	2497000.0
0.5019	0.44690279343603834	0.0006407045636509206	2.52	2562000.0
0.4967	0.38873230615035936	0.0006727397918334667	2.6399999999999997	2600000.0
0.4916	0.369175122134493	0.0007047750200160128	2.76	2609000.0
0.4866	0.44527433295752417	0.0007368102481985588	2.9	2590000.0
0.4818	0.5794031066016032	0.0007688454763811048	3.04	2540000.0
0.4771	0.6602467743955458	0.0008008807045636508	3.18	2461000.0
0.4725	0.6121445571839104	0.0008329159327461968	3.34	2353000.0
0.4681	0.5146874608540202	0.0008649511609287429	3.48	2217000.0
0.4637	0.44596329700607384	0.000896986389111289	3.66	2056000.0
0.4595	0.37044344231480864	0.000929021617293835	3.82	1875000.0
0.4554	0.3291525742201884	0.000961056845476381	4.0	1676000.0
0.4514	0.38254728798665383	0.000993092073658927	4.2	1465000.0
0.4475	0.4956783164220724	0.001025127301841473	4.4	1247000.0
0.4437	0.5895809845919757	0.0010571625300240192	4.6	1030000.0
0.44	0.6103438556933725	0.001089197758206565	4.82	819800.0
0.4363	0.5407428285102469	0.0011212329863891112	5.06	622900.0
0.4328	0.4588500563695561	0.0011532682145716571	5.3	446000.0
0.4294	0.3626143053988926	0.0011853034427542033	5.54	294900.0
0.426	0.3015313791806875	0.0012173386709367492	5.8	174300.0
0.4227	0.33153263184249226	0.0012493738991192953	6.08	86370.0
0.4195	0.4197513466115197	0.0012814091273018412	6.36	31530.0
0.4164	0.5072028059626064	0.0013134443554843874	6.659999999999999	5291.0
0.4133	0.5755198546912652	0.0013454795836669335	6.98	0.0
0.4103	0.5656708004507891	0.0013775148118494794	7.32	0.0
0.4074	0.4795816109231055	0.0014095500400320255	7.659999999999999	0.0
0.4046	0.3654954277840261	0.0014415852682145714	8.02	0.0
0.4018	0.2883314543405504	0.0014736204963971176	8.4	0.0
0.3991	0.2975541776272621	0.0015056557245796635	8.8	0.0
0.3964	0.3627552298635237	0.0015376909527622096	9.22	0.0
0.3938	0.42873919579096764	0.0015697261809447557	9.66	0.0
0.3912	0.5151102342474587	0.0016017614091273016	10.12	0.0
0.3887	0.5709789552797702	0.0016337966373098478	10.6	0.0
0.3863	0.5113209319802081	0.0016658318654923937	11.1	0.0
0.3839	0.3813729174494256	0.0016978670936749398	11.620000000000001	0.0
0.3816	0.2821464361768449	0.0017299023218574857	12.18	0.0
0.3793	0.27010522359978495	0.0017619375500400318	12.76	0.0
0.377	0.3143711637226261	0.001793972778222578	13.36	0.0
0.3748	0.35807340598739756	0.0018260080064051239	13.98	0.0
0.3727	0.4369754478266259	0.00185804323458767	14.64	0.0
0.3705	0.5473662783415421	0.001890078462770216	15.34	0.0
0.3685	0.5374232744579786	0.001922113690952762	16.080000000000002	0.0
0.3664	0.4047820368282373	0.001954148919135308	16.84	0.0
0.3644	0.28840974570948674	0.001986184147317854	17.62	0.0
0.3624	0.2539302267318817	0.0020182193755004002	18.46	0.0
0.3605	0.27452085682079996	0.002050254603682946	19.34	0.0
0.3586	0.2963015157206428	0.002082289831865492	20.200000000000003	0.0
0.3568	0.3542058123512106	0.0021143250600480384	21.2	0.0
0.3549	0.4799887260428477	0.0021463602882305843	22.2	0.0
0.3531	0.5388325191029253	0.00217839551641313	23.2	0.0
0.3514	0.43049292245996185	0.002210430744595676	24.4	0.0
0.3496	0.2972566704243036	0.0022424659727782225	25.6	0.0
0.3479	0.24011962921213126	0.0022745012009607684	26.8	0.0
0.3463	0.24163848177340697	0.0023065364291433143	28.0	0.0
0.3446	0.24179506451173438	0.0023385716573258606	29.4	0.0
0.343	0.2812852311158167	0.0023706068855084065	30.8	0.0
0.3414	0.4015407741449053	0.0024026421136909525	32.2	0.0
0.3398	0.5131059751970497	0.0024346773418734984	33.8	0.0
0.3382	0.45564011023407147	0.0024667125700560447	35.2	0.0
0.3367	0.31739321057239067	0.0024987477982385906	37.0	0.0
0.3352	0.2420925717146929	0.0025307830264211365	38.800000000000004	0.0
0.3337	0.21970124013523673	0.0025628182546036824	40.6	0.0
0.3323	0.20261806338476163	0.002594853482786229	42.4	0.0
0.3308	0.2233183013904636	0.0026268887109687747	44.4	0.0
0.3294	0.3220906927217584	0.0026589239391513206	46.6	0.0
0.328	0.4558906426154863	0.002690959167333867	48.8	0.0
0.3266	0.46682011775010324	0.002722994395516413	51.2	0.0
0.3252	0.34751972942467546	0.002755029623698959	53.6	0.0
0.3239	0.2548384066139988	0.0027870648518815047	56.0	0.0
0.3226	0.20925717148929834	0.002819100080064051	58.8	0.0
0.3213	0.17288300137761325	0.002851135308246597	61.6	0.0
0.32	0.17490291870217334	0.002883170536429143	64.4	0.0
0.3187	0.25247400726539126	0.002915205764611689	67.39999999999999	0.0
0.3174	0.380887510960747	0.002947240992794235	70.60000000000001	0.0
0.3162	0.44790492296124285	0.002979276220976781	74.0	0.0
0.3149	0.37562633095330966	0.003011311449159327	77.60000000000001	0.0
0.3137	0.2768382813478638	0.0030433466773418733	81.2	0.0
0.3125	0.2116372291116022	0.003075381905524419	85.0	0.0
0.3113	0.15594074909176925	0.003107417133706965	89.0	0.0
0.3101	0.13484905424002136	0.0031394523618895115	93.2	0.0
0.3089	0.1877896780656556	0.0031714875900720574	97.8	0.0
0.3078	0.29888513090281776	0.0032035228182546033	102.4	0.0
0.3066	0.39436928472969157	0.003235558046437149	107.2	83.47
0.3055	0.3871664787670852	0.0032675932746196955	112.19999999999999	39950.0
0.3044	0.2973036452458473	0.0032996285028022414	117.6	107400.0
0.3033	0.21755605662019661	0.0033316637309847874	123.2	177200.0
0.3022	0.14526180633811236	0.0033636989591673337	129.0	221400.0
0.3011	0.10334460729018247	0.0033957341873498796	135.0	218600.0
0.3	0.13372165852433682	0.0034277694155324255	141.4	172300.0
0.2989	0.22239446323419543	0.0034598046437149714	148.20000000000002	98470.0
0.2979	0.3203682826001568	0.0034918398718975178	155.20000000000002	30570.0
0.2968	0.37542277339343855	0.0035238751000800637	162.6	0.0
0.2958	0.32550419641711414	0.0035559103282626096	170.2	0.0
0.2947	0.23611111111085847	0.003587945556445156	178.39999999999998	0.0
0.2937	0.14632656895901164	0.003619980784627702	186.8	0.0
0.2927	0.08632406363494738	0.0036520160128102478	195.6	0.0
0.2917	0.09880370787914217	0.0036840512409927937	204.0	0.0
0.2907	0.16679193285699512	0.00371608646917534	213.99999999999997	0.0
0.2897	0.25098647125105344	0.003748121697357886	224.0	0.0
0.2887	0.34012902417634905	0.003780156925540432	236.0	0.0
0.2877	0.35339158211172617	0.0038121921537229778	246.00000000000003	0.0
0.2868	0.2735030690214444	0.003844227381905524	258.0	0.0
0.2858	0.1659620443442691	0.00387626261008807	270.0	0.0
0.2849	0.09078667167705134	0.003908297838270616	284.0	0.0
0.2839	0.08377176500061978	0.003940333066453162	296.0	0.0
0.283	0.12824126268287728	0.003972368294635708	310.0	0.0
0.282	0.18995051985439204	0.004004403522818254	326.0	0.0
0.2811	0.2823343354625649	0.0040364387510008004	340.0	0.0
0.2802	0.35993674057363023	0.004068473979183346	358.0	0.0
0.2793	0.31341600901896527	0.004100509207365892	374.0	0.0
0.2784	0.19262808467965442	0.004132544435548439	392.0	0.0
0.2775	0.09739446323419543	0.004164579663730984	410.0	0.0
0.2766	0.07312413879481028	0.00419661489191353	430.0	0.0
0.2757	0.09116247024894619	0.004228650120096077	450.0	0.0
0.2748	0.12817862958763726	0.004260685348278622	472.0	0.0
0.2739	0.2096329700611932	0.004292720576461169	494.0	0.0
0.2731	0.3232024301637466	0.004324755804643714	518.0	0.0
0.2722	0.3331454340473101	0.00435679103282626	542.0	0.0
0.2713	0.219528999123213	0.004388826261008807	568.0	0.0
0.2705	0.11335024426898599	0.004420861489191352	594.0	0.0
0.2696	0.06703307027419214	0.004452896717373899	621.9999999999999	0.0
0.2688	0.0636352248525327	0.004484931945556445	652.0	0.0
0.2679	0.0797162720778033	0.00451696717373899	682.0	0.0
0.2671	0.14238068395343362	0.004549002401921537	714.0	0.0
0.2663	0.26296505073287335	0.004581037630104083	748.0	42390.0
0.2654	0.33535325065759025	0.004613072858286629	784.0	317000.0
0.2646	0.2536014029810758	0.004645108086469175	822.0000000000001	904600.0
0.2638	0.1371508204933889	0.004677143314651721	860.0	1863000.0
0.263	0.0733276963546814	0.004709178542834267	902.0	3240000.0
0.2622	0.04998121007110967	0.004741213771016813	944.0	5083000.0
0.2614	0.050873731679530465	0.004773248999199359	988.0	7424000.0
0.2606	0.09106852060631354	0.004805284227381905	1036.0	10280000.0
0.2598	0.19906363522477477	0.004837319455564451	1084.0	13600000.0
0.259	0.3127270449704156	0.004869354683746997	1136.0	17360000.0
0.2582	0.2900382061880009	0.004901389911929543	1190.0	21470000.0
0.2574	0.1783790554927691	0.004933425140112089	1246.0	25850000.0
0.2566	0.09861580859296737	0.004965460368294635	1304.0	30450000.0
0.2558	0.05851496930972644	0.004997495596477181	1366.0000000000002	35180000.0
0.2551	0.0351528247524584	0.005029530824659728	1432.0	39960000.0
0.2543	0.05328510584968171	0.005061566052842273	1499.9999999999998	44730000.0
0.2535	0.14231805085773885	0.005093601281024819	1570.0	49420000.0
0.2528	0.2641863960916453	0.005125636509207365	1644.0000000000002	53970000.0
0.252	0.3056651634724403	0.005157671737389911	1722.0000000000002	58320000.0
0.2512	0.21901227608668705	0.005189706965572458	1804.0	62410000.0
0.2505	0.12626832018031564	0.005221742193755003	1890.0000000000002	66200000.0
0.2497	0.0705405236126353	0.005253777421937549	1979.9999999999998	69640000.0
0.249	0.02924965551801506	0.005285812650120096	2080.0	72700000.0
0.2482	0.025429036702917074	0.005317847878302641	2180.0	75360000.0
0.2475	0.09200801703627803	0.005349883106485188	2280.0	77570000.0
0.2468	0.2051547037453929	0.005381918334667734	2380.0	79350000.0
0.246	0.29295064512052704	0.005413953562850279	2500.0	80660000.0
0.2453	0.2622447701364763	0.005445988791032826	2620.0000000000005	81500000.0
0.2446	0.16923462357499375	0.005478024019215372	2740.0	81880000.0
0.2438	0.0981773769258325	0.005510059247397918	2860.0	81790000.0
0.2431	0.037673806839393364	0.005542094475580464	2999.9999999999995	81240000.0
0.2424	0.019384943003842636	0.005574129703763009	3140.0	80250000.0
0.2417	0.06119253413498882	0.005606164931945556	3300.0	78840000.0
0.241	0.1544375548037351	0.005638200160128102	3440.0	77030000.0
0.2403	0.25984905424002136	0.0056702353883106476	3620.0	74830000.0
0.2396	0.29439120631332116	0.005702270616493194	3780.0000000000005	72280000.0
0.2389	0.222942502818114	0.00573430584467574	3959.9999999999995	69400000.0
0.2382	0.13763622698206746	0.005766341072858286	4160.0	66230000.0
0.2375	0.06776900914428552	0.005798376301040832	4340.0	62790000.0
0.2368	0.029233997243863996	0.005830411529223378	4560.0	59120000.0
0.2361	0.04797695102070065	0.005862446757405924	4760.0	55250000.0
0.2354	0.1189872228483182	0.00589448198558847	5000.0	51230000.0
0.2347	0.217587373168044	0.005926517213771017	5240.000000000001	47080000.0
0.234	0.3010772892394016	0.005958552441953562	5480.0	42850000.0
0.2333	0.2784510835522269	0.005990587670136108	5740.0	38580000.0
0.2327	0.18955906300880088	0.006022622898318654	5999.999999999999	34310000.0
0.232	0.10160653889488458	0.0060546581265012	6300.0	30100000.0
0.2313	0.04714706250751988	0.006086693354683747	6600.0	25970000.0
0.2306	0.0417292997617551	0.006118728582866292	6900.0	21980000.0
0.23	0.08749843417263037	0.006150763811048838	7240.0	18170000.0
0.2293	0.16748089690599954	0.006182799039231385	7580.0	14590000.0
0.2286	0.27027746461226343	0.00621483426741393	7940.0	11290000.0
0.228	0.308295753476159	0.0062468694955964766	8300.0	8309000.0
0.2273	0.23601716146777107	0.006278904723779023	8700.0	5705000.0
0.2267	0.14039208317672092	0.006310939951961568	9120.0	3522000.0
0.226	0.06718965301251956	0.006342975180144115	9540.0	1811000.0
0.2253	0.04237128898876108	0.00637501040832666	10000.0	620400.0
0.2247	0.0675184767628707	0.0064070456365092066	None	None
0.224	0.12725479143182383	0.006439080864691753	None	None
0.2234	0.2202805962670027	0.006471116092874298	None	None
0.2228	0.3119441312787785	0.006503151321056845	None	None
0.2221	0.28493360891889097	0.006535186549239391	None	None
0.2215	0.18357760240496646	0.0065672217774219365	None	None
0.2208	0.09709695603123691	0.006599257005604483	None	None
0.2202	0.053457346861705446	0.006631292233787029	None	None
0.2196	0.060628836276919174	0.006663327461969575	None	None
0.219	0.0962357509706635	0.006695362690152121	None	None
0.2183	0.1764687460854475	0.006727397918334667	None	None
0.2177	0.2879086809466571	0.006759433146517213	None	None
0.2171	0.32415758486786217	0.006791468374699759	None	None
0.2165	0.24079293498652987	0.006823503602882305	None	None
0.2158	0.13898283853177418	0.006855538831064851	None	None
0.2152	0.08032694475741664	0.006887574059247397	None	None
0.2146	0.06512276086687052	0.006919609287429943	None	None
0.214	0.08071840160346255	0.006951644515612489	None	None
0.2134	0.13782412626824225	0.0069836797437950356	None	None
0.2128	0.24566265814837607	0.007015714971977581	None	None
0.2122	0.3348991607163043	0.007047750200160127	None	None
0.2116	0.291525742201884	0.007079785428342674	None	None
0.211	0.18780533633935192	0.007111820656525219	None	None
0.2104	0.11309971188757117	0.0071438558847077656	None	None
0.2098	0.07743016409858683	0.007175891112890312	None	None
0.2092	0.07201240135282205	0.007207926341072857	None	None
0.2086	0.1097175247400628	0.007239961569255404	None	None
0.208	0.19803018915172288	0.007271996797437949	None	None
0.2074	0.311004634848814	0.0073040320256204955	None	None
0.2068	0.3310472253538137	0.007336067253803042	None	None
0.2062	0.23874170111457715	0.007368102481985587	None	None
0.2056	0.15320055117126685	0.007400137710168134	None	None
0.2051	0.10044782663135265	0.00743217293835068	None	None
0.2045	0.07912125767234102	0.0074642081665332255	None	None
0.2039	0.09282224727530775	0.007496243394715772	None	None
0.2033	0.16065388951528803	0.007528278622898318	None	None
0.2028	0.2743955906298652	0.007560313851080864	None	None
0.2022	0.3481460603779851	0.00759234907926341	None	None
0.2016	0.2938588250030989	0.0076243843074459555	None	None
0.201	0.20075472879852896	0.007656419535628502	None	None
0.2005	0.13297006138009237	0.007688454763811048	None	None
0.1999	0.09405925090823075	0.007720489991993594	None	None
0.1993	0.09016034072374168	0.00775252522017614	None	None
0.1988	0.13556933483641842	0.007784560448358686	None	None
0.1982	0.23459225854912802	0.007816595676541232	None	None
0.1977	0.33825003131642006	0.007848630904723777	None	None
0.1971	0.34465426531369303	0.007880666132906325	None	None
0.1966	0.2597237880495413	0.00791270136108887	None	None
0.196	0.18008580734067436	0.007944736589271416	None	None
0.1955	0.12359075535505326	0.007976771817453963	None	None
0.1949	0.10083928347739857	0.008008807045636508	None	None
0.1944	0.12338719779518215	0.008040842273819054	None	None
0.1938	0.19746649129365323	0.008072877502001601	None	None
0.1933	0.3031598396592017	0.008104912730184146	None	None
0.1927	0.36566766879604984	0.008136947958366692	None	None
0.1922	0.3148565702117594	0.008168983186549239	None	None
0.1917	0.22563572591752745	0.008201018414731785	None	None
0.1911	0.1525898784916535	0.00823305364291433	None	None
0.1906	0.11020293122874136	0.008265088871096877	None	None
0.1901	0.11400789176968829	0.008297124099279423	None	None
0.1895	0.16669798321436247	0.008329159327461968	None	None
0.189	0.25814230239257085	0.008361194555644515	None	None
0.1885	0.3540492296128832	0.00839322978382706	None	None
0.1879	0.35988976575208653	0.008425265012009606	None	None
0.1874	0.27812225980187577	0.008457300240192154	None	None
0.1869	0.194413127896496	0.008489335468374699	None	None
0.1864	0.1332205937615072	0.008521370696557245	None	None
0.1859	0.11739007891765141	0.008553405924739792	None	None
0.1853	0.14905110860581772	0.008585441152922337	None	None
0.1848	0.2193880746585819	0.008617476381104883	None	None
0.1843	0.3203526243264605	0.008649511609287428	None	None
0.1838	0.38329888513089827	0.008681546837469975	None	None
0.1833	0.331704872854516	0.00871358206565252	None	None
0.1828	0.23928974069895048	0.008745617293835066	None	None
0.1823	0.1650225479143046	0.008777652522017614	None	None
0.1818	0.1305743454840922	0.008809687750200159	None	None
0.1813	0.14148816234501282	0.008841722978382704	None	None
0.1807	0.19084304146281283	0.008873758206565252	None	None
0.1802	0.27885819867196915	0.008905793434747797	None	None
0.1797	0.37816297131394094	0.008937828662930343	None	None
0.1792	0.38126330953264187	0.00896986389111289	None	None
0.1788	0.29114994362998914	0.009001899119295435	None	None
0.1783	0.20477890517349806	0.00903393434747798	None	None
0.1778	0.1550795440307411	0.009065969575660528	None	None
0.1773	0.14643617687579535	0.009098004803843074	None	None
0.1768	0.17282036828237324	0.009130040032025619	None	None
0.1763	0.2396029061756053	0.009162075260208166	None	None
0.1758	0.34679944882873315	0.009194110488390712	None	None
0.1753	0.406817612426039	0.009226145716573257	None	None
0.1748	0.34412188400347077	0.009258180944755804	None	None
0.1743	0.24888826255801177	0.00929021617293835	None	None
0.1739	0.18212138293847602	0.009322251401120895	None	None
0.1734	0.15752223474873972	0.009354286629303443	None	None
0.1729	0.16495991481906458	0.009386321857485988	None	None
0.1724	0.20861518226229236	0.009418357085668533	None	None
0.172	0.3060722785917278	0.009450392313851079	None	None
0.1715	0.40808593260680937	0.009482427542033626	None	None
0.171	0.39534009770750345	0.009514462770216172	None	None
0.1705	0.30184454465734234	0.009546497998398717	None	None
0.1701	0.22483715395219406	0.009578533226581264	None	None
0.1696	0.18332707002355164	0.00961056845476381	None	None
0.1691	0.17137980709003386	0.009642603682946355	None	None
0.1687	0.1935519228359226	0.009674638911128903	None	None
0.1682	0.27038707252904715	0.009706674139311448	None	None
0.1677	0.3843793060250391	0.009738709367493993	None	None
0.1673	0.4309626706749441	0.00977074459567654	None	None
0.1668	0.3593887009892569	0.009802779823859086	None	None
0.1664	0.2746148064634326	0.009834815052041632	None	None
0.1659	0.21879306025266487	0.009866850280224179	None	None
0.1655	0.18890141550764383	0.009898885508406724	None	None
0.165	0.1919078040837121	0.00993092073658927	None	None
0.1645	0.2451615933860012	0.009962955964771817	None	None
0.1641	0.3501659777025452	0.009994991192954363	None	None
0.1636	0.4415633220592099	0.010027026421136908	None	None
0.1632	0.4145371414251713	0.010059061649319455	None	None
0.1628	0.32750845546752316	0.010091096877502	None	None
0.1623	0.260412752098091	0.010123132105684546	None	None
0.1619	0.21129274708755474	0.010155167333867093	None	None
0.1614	0.1923149192029996	0.010187202562049639	None	None
0.161	0.22339659275939994	0.010219237790232184	None	None
0.1605	0.31036264562180804	0.01025127301841473	None	None
0.1601	0.4149285982712172	0.010283308246597277	None	None
0.1597	0.4433483652760515	0.010315343474779822	None	None
0.1592	0.3738099711886207	0.010347378702962368	None	None
0.1588	0.29980896905908594	0.010379413931144915	None	None
0.1584	0.23690968307619187	0.01041144915932746	None	None
0.1579	0.19950206689190964	0.010443484387510006	None	None
0.1575	0.21209131905288814	0.010475519615692553	None	None
0.1571	0.27632155831133787	0.010507554843875099	None	None
0.1566	0.37536014029819853	0.010539590072057644	None	None
0.1562	0.4502223474883067	0.010571625300240192	None	None
0.1558	0.42297695102070065	0.010603660528422737	None	None
0.1554	0.34867844168866213	0.010635695756605282	None	None
0.1549	0.279296630339104	0.01066773098478783	None	None
0.1545	0.22286421144917767	0.010699766212970375	None	None
0.1541	0.21096392333674885	0.01073180144115292	None	None
0.1537	0.2557465864961159	0.010763836669335468	None	None
0.1533	0.3394244018536483	0.010795871897518013	None	None
0.1528	0.432700739070242	0.010827907125700559	None	None
0.1524	0.4604315420265266	0.010859942353883106	None	None
0.152	0.40082049354850824	0.010891977582065651	None	None
0.1516	0.3210885631965539	0.010924012810248197	None	None
0.1512	0.2509394964299645	0.010956048038430744	None	None
0.1508	0.21882437680051225	0.01098808326661329	None	None
0.1504	0.24273456094169887	0.011020118494795835	None	None
0.15	0.30583740448446406	0.011052153722978382	None	None
0.1496	0.3920675184767788	0.011084188951160928	None	None
0.1492	0.46592759614168244	0.011116224179343473	None	None
0.1488	0.4422679443814559	0.011148259407526019	None	None
0.1484	0.363287611173746	0.011180294635708566	None	None
0.148	0.28000125266180476	0.011212329863891111	None	None
0.1476	0.22707628710986683	0.011244365092073657	None	None
0.1472	0.2317737692596893	0.011276400320256204	None	None
0.1468	0.2725635725914799	0.01130843554843875	None	None
0.1464	0.3416165601902321	0.011340470776621295	None	None
0.146	0.43825942628063785	0.011372506004803842	None	None
0.1456	0.4730990855564414	0.011404541232986388	None	None
0.1452	0.40509520230489215	0.011436576461168933	None	None
0.1448	0.31225729675543334	0.01146861168935148	None	None
0.1444	0.2469309783286917	0.011500646917534026	None	None
0.144	0.23415382688199315	0.011532682145716571	None	None
0.1436	0.25490103970923883	0.011564717373899119	None	None
0.1432	0.30389577852929506	0.011596752602081664	None	None
0.1428	0.3977358136039584	0.01162878783026421	None	None
0.1425	0.48227483402206417	0.011660823058446757	None	None
0.1421	0.44865652010503254	0.011692858286629302	None	None
0.1417	0.3528905173493513	0.011724893514811848	None	None
0.1413	0.2777934360515246	0.011756928742994395	None	None
0.1409	0.2462263560064457	0.01178896397117694	None	None
0.1406	0.2470562445196265	0.011820999199359486	None	None
0.1402	0.27163973443566647	0.011853034427542033	None	None
0.1398	0.3494770136539955	0.011885069655724579	None	None
0.1394	0.4607760240510288	0.011917104883907124	None	None
0.1391	0.48315169735678865	0.01194914011208967	None	None
0.1387	0.3942753350870589	0.011981175340272217	None	None
0.1383	0.3108323938367903	0.012013210568454762	None	None
0.1379	0.2614931729926866	0.012045245796637308	None	None
0.1376	0.24317299260928849	0.012077281024819855	None	None
0.1372	0.24808969059222363	0.0121093162530024	None	None
0.1368	0.30087373167953047	0.012141351481184946	None	None
0.1365	0.4111079794561192	0.012173386709367493	None	None
0.1361	0.48150757860457816	0.012205421937550039	None	None
0.1357	0.4214580984589702	0.012237457165732584	None	None
0.1354	0.3338030815480124	0.012269492393915131	None	None
0.135	0.2739101841411866	0.012301527622097677	None	None
0.1347	0.23744206438686888	0.012333562850280222	None	None
0.1343	0.2214236502568383	0.01236559807846277	None	None
0.1339	0.2528498058372861	0.012397633306645315	None	None
0.1336	0.35141863960916453	0.01242966853482786	None	None
0.1332	0.45283727921832906	0.012461703763010408	None	None
0.1329	0.44098396592744393	0.012493738991192953	None	None
0.1325	0.3578385318801338	0.012525774219375499	None	None
0.1322	0.29578479268411684	0.012557809447558046	None	None
0.1318	0.24552173368374497	0.012589844675740591	None	None
0.1315	0.20517036201908923	0.012621879903923137	None	None
0.1311	0.2155987723913313	0.012653915132105684	None	None
0.1308	0.2975385193535658	0.01268595036028823	None	None
0.1304	0.4036859576599454	0.012717985588470775	None	None
0.1301	0.4456971063509627	0.01275002081665332	None	None
0.1297	0.3898440435923476	0.012782056044835868	None	None
0.1294	0.32473694099962813	0.012814091273018413	None	None
0.129	0.26377928097190306	0.012846126501200959	None	None
0.1287	0.20340097707594396	0.012878161729383506	None	None
0.1283	0.1974821495678043	0.012910196957566051	None	None
0.128	0.25695227358119155	0.012942232185748597	None	None
0.1277	0.34930477264151705	0.012974267413931144	None	None
0.1273	0.42299260929439697	0.01300630264211369	None	None
0.127	0.41624389327307654	0.013038337870296235	None	None
0.1267	0.35512965050702405	0.013070373098478782	None	None
0.1263	0.28737629963643485	0.013102408326661328	None	None
0.126	0.2125767255415667	0.013134443554843873	None	None
0.1256	0.1850807966930006	0.01316647878302642	None	None
0.1253	0.22159589126886203	0.013198514011208966	None	None
0.125	0.29345170988335667	0.013230549239391511	None	None
0.1247	0.37523487410726375	0.013262584467574058	None	None
0.1243	0.42288300137761325	0.013294619695756604	None	None
0.124	0.3873700363269563	0.01332665492393915	None	None
0.1237	0.31122385068238145	0.013358690152121697	None	None
0.1233	0.22064073656520122	0.013390725380304242	None	None
0.123	0.1810566203180315	0.013422760608486788	None	None
0.1227	0.2030564950518965	0.013454795836669335	None	None
0.1224	0.2460697732681183	0.01348683106485188	None	None
0.122	0.31134911687331623	0.013518866293034426	None	None
0.1217	0.3987066265813155	0.013550901521216971	None	None
0.1214	0.408712263560119	0.013582936749399518	None	None
0.1211	0.33521232619295915	0.013614971977582064	None	None
0.1208	0.23968119754454165	0.01364700720576461	None	None
0.1204	0.18000751597128328	0.013679042433947157	None	None
0.1201	0.17889577852929506	0.013711077662129702	None	None
0.1198	0.2068144807712997	0.013743112890312248	None	None
0.1195	0.2557465864961159	0.013775148118494795	None	None
0.1192	0.34565639483889754	0.01380718334667734	None	None
0.1189	0.4110296880871829	0.013839218574859886	None	None
0.1186	0.3607353125389636	0.013871253803042433	None	None
0.1182	0.2633408493047682	0.013903289031224978	None	None
0.1179	0.18866654140038008	0.013935324259407524	None	None
0.1176	0.17120756607755538	0.013967359487590071	None	None
0.1173	0.18252849805821825	0.013999394715772617	None	None
0.117	0.2033070274333113	0.014031429943955162	None	None
0.1167	0.2838531880242954	0.01406346517213771	None	None
0.1164	0.3873230615054126	0.014095500400320255	None	None
0.1161	0.3759394964299645	0.0141275356285028	None	None
0.1158	0.27447388199925626	0.014159570856685347	None	None
0.1155	0.19272203432274182	0.014191606084867893	None	None
0.1152	0.16128022046814294	0.014223641313050438	None	None
0.1149	0.14992797194008745	0.014255676541232986	None	None
0.1146	0.146999874733865	0.014287711769415531	None	None
0.1143	0.20933546285823468	0.014319746997598077	None	None
0.114	0.3278059626704817	0.014351782225780624	None	None
0.1137	0.37304271577067993	0.01438381745396317	None	None
0.1134	0.28931792559160385	0.014415852682145715	None	None
0.1131	0.20196041588360458	0.01444788791032826	None	None
0.1128	0.16077915570576806	0.014479923138510807	None	None
0.1125	0.1342227232867117	0.014511958366693353	None	None
0.1122	0.11203494926712665	0.014543993594875898	None	None
0.1119	0.15111800075146675	0.014576028823058446	None	None
0.1116	0.26191594638612514	0.014608064051240991	None	None
0.1113	0.350995866215726	0.014640099279423537	None	None
0.111	0.30469435049462845	0.014672134507606084	None	None
0.1107	0.21974821495678043	0.01470416973578863	None	None
0.1105	0.17336840786674657	0.014736204963971175	None	None
0.1102	0.13350244269076939	0.014768240192153722	None	None
0.1099	0.09166353501177582	0.014800275420336267	None	None
0.1096	0.10541149943628625	0.014832310648518813	None	None
0.1093	0.20336966052855132	0.01486434587670136	None	None
0.109	0.31235124639852074	0.014896381104883906	None	None
0.1087	0.3175654515844144	0.014928416333066451	None	None
0.1085	0.242296129274564	0.014960451561248998	None	None
0.1082	0.19289427533476555	0.014992486789431544	None	None
0.1079	0.14325754728770335	0.01502452201761409	None	None
0.1076	0.07871414255259879	0.015056557245796636	None	None
0.1073	0.07032130777906787	0.015088592473979182	None	None
0.1071	0.14419704371766784	0.015120627702161727	None	None
0.1068	0.2480113992232873	0.015152662930344275	None	None
0.1065	0.29594137542244425	0.01518469815852682	None	None
0.1062	0.2544312914942566	0.015216733386709366	None	None
0.106	0.20181949141897348	0.015248768614891911	None	None
0.1057	0.1456219466363109	0.015280803843074458	None	None
0.1054	0.07052486533848423	0.015312839071257004	None	None
0.1051	0.04291932857313441	0.01534487429943955	None	None
0.1049	0.09382437680051225	0.015376909527622096	None	None
0.1046	0.18155768508086112	0.015408944755804642	None	None
0.1043	0.2518946511336253	0.015440979983987187	None	None
0.1041	0.26274583489885117	0.015473015212169735	None	None
0.1038	0.22153325817362202	0.01550505044035228	None	None
0.1035	0.1591976700487976	0.015537085668534826	None	None
0.1033	0.07346862081931249	0.015569120896717373	None	None
0.103	0.028294500813899504	0.015601156124899918	None	None
0.1027	0.06006513841884953	0.015633191353082464	None	None
0.1025	0.12492170863060892	0.01566522658126501	None	None
0.1022	0.1916729299759936	0.015697261809447555	None	None
0.1019	0.2505010647623749	0.015729297037630104	None	None
0.1017	0.24193598897636548	0.01576133226581265	None	None
0.1014	0.18108793686587887	0.015793367493995195	None	None
0.1011	0.08734185143430295	0.01582540272217774	None	None
0.1009	0.02616497557301045	0.015857437950360286	None	None
0.1006	0.04259050482278326	0.01588947317854283	None	None
0.1004	0.0859169485156599	0.01592150840672538	None	None
0.1001	0.1350682700735888	0.015953543634907925	None	None
0.09985	0.21433045221101565	0.01598557886309047	None	None
0.09959	0.25580921959135594	0.016017614091273016	None	None
0.09934	0.20661092321188335	0.016049649319455562	None	None
0.09908	0.10685206062862562	0.016081684547638107	None	None
0.09883	0.029594137542062526	0.016113719775820656	None	None
0.09857	0.024708756106520013	0.016145755004003202	None	None
0.09832	0.04998121007110967	0.016177790232185747	None	None
0.09807	0.07768069648000164	0.016209825460368293	None	None
0.09782	0.15573719153189813	0.016241860688550838	None	None
0.09757	0.24370537391951075	0.016273895916733384	None	None
0.09732	0.22378804960544585	0.016305931144915933	None	None
0.09707	0.12435801077253927	0.016337966373098478	None	None
0.09682	0.0390830514843401	0.016370001601281024	None	None
0.09657	0.01752160841760997	0.01640203682946357	None	None
0.09633	0.02708881372882388	0.016434072057646115	None	None
0.09608	0.033085932606809365	0.01646610728582866	None	None
0.09583	0.08525930101450285	0.016498142514011205	None	None
0.09559	0.20961731178749687	0.016530177742193754	None	None
0.09535	0.248762996367077	0.0165622129703763	None	None
0.0951	0.14687460854293022	0.016594248198558845	None	None
0.09486	0.03878554428138159	0.01662628342674139	None	None
0.09462	0.023659651759771805	0.016658318654923936	None	None
0.09438	0.03768946511308968	0.016690353883106482	None	None
0.09414	0.006952273581191548	0.01672238911128903	None	None
0.0939	0.032678817487067136	0.016754424339471576	None	None
0.09366	0.1632844795190067	0.01678645956765412	None	None
0.09342	0.253945885005578	0.016818494795836667	None	None
0.09318	0.18468933984695468	0.016850530024019213	None	None
0.09294	0.08984717524708685	0.016882565252201758	None	None
0.09271	0.05211073531245347	0.016914600480384307	None	None
0.09247	0.032991982963721966	0.016946635708566853	None	None
0.09224	0.0033508705996609933	0.016978670936749398	None	None
0.092	0.018257547287703346	0.017010706164931944	None	None
0.09177	0.12283915821126357	0.01704274139311449	None	None
0.09153	0.23623637730179325	0.017074776621297034	None	None
0.0913	0.21968558186108567	0.017106811849479583	None	None
0.09107	0.1325629462608049	0.01713884707766213	None	None
0.09084	0.08579168232472512	0.017170882305844674	None	None
0.09061	0.05447513466106102	0.01720291753402722	None	None
0.09038	0.008596392333402036	0.017234952762209765	None	None
0.09015	0.002442690717543883	0.01726698799039231	None	None
0.08992	0.08399098083418721	0.017299023218574856	None	None
0.08969	0.20105223600148747	0.017331058446757405	None	None
0.08947	0.23819366153065857	0.01736309367493995	None	None
0.08924	0.17471501941599854	0.017395128903122496	None	None
0.08901	0.12225980207904286	0.01742716413130504	None	None
0.08879	0.08239383690306568	0.017459199359487587	None	None
0.08856	0.024285982713081466	0.017491234587670133	None	None
0.08834	0.0	0.01752326981585268	None	None
0.08812	0.056542026806710055	0.017555305044035227	None	None
0.08789	0.15968307653747615	0.017587340272217773	None	None
0.08767	0.23171113616399452	0.017619375500400318	None	None
0.08745	0.20745646999876044	0.017651410728582864	None	None
0.08723	0.16023111612139473	0.01768344595676541	None	None
0.08701	0.11677940623803806	0.017715481184947958	None	None
0.08679	0.0465520481020576	0.017747516413130503	None	None
0.08657	0.004854064887695131	0.01777955164131305	None	None
0.08635	0.038535011899966776	0.017811586869495594	None	None
0.08614	0.12531316547665483	0.01784362209767814	None	None
0.08592	0.20740949517721674	0.017875657325860685	None	None
0.0857	0.23589189527729104	0.017907692554043234	None	None
0.08549	0.2060472253538137	0.01793972778222578	None	None
0.08527	0.16140548665907772	0.017971763010408325	None	None
0.08506	0.08514969309771914	0.01800379823859087	None	None
0.08484	0.026681698609536397	0.018035833466773416	None	None
0.08463	0.039756357259193464	0.01806786869495596	None	None
0.08442	0.10146561443070823	0.018099903923138507	None	None
0.08421	0.172413253162631	0.018131939151321056	None	None
0.08399	0.2362207190276422	0.0181639743795036	None	None
0.08378	0.2419986220716055	0.018196009607686147	None	None
0.08357	0.19939245897512592	0.018228044835868693	None	None
0.08336	0.12108543154181461	0.018260080064051238	None	None
0.08316	0.047334961793694674	0.018292115292233783	None	None
0.08295	0.040210447200024646	0.018324150520416332	None	None
0.08274	0.08356820744074867	0.018356185748598878	None	None
0.08253	0.13578855066998585	0.018388220976781423	None	None
0.08233	0.21234185143430295	0.01842025620496397	None	None
0.08212	0.26858637103850924	0.018452291433146514	None	None
0.08191	0.23918013278216677	0.01848432666132906	None	None
0.08171	0.1631905298759193	0.01851636188951161	None	None
0.0815	0.08788989101822153	0.018548397117694154	None	None
0.0813	0.06261743705363187	0.0185804323458767	None	None
0.0811	0.08338030815457387	0.018612467574059245	None	None
0.08089	0.11789114368002629	0.01864450280224179	None	None
0.08069	0.18929287235368975	0.018676538030424336	None	None
0.08049	0.2824282851056523	0.018708573258606885	None	None
0.08029	0.28682826005251627	0.01874060848678943	None	None
0.08009	0.21523863209313276	0.018772643714971976	None	None
0.07989	0.13762056870837114	0.01880467894315452	None	None
0.07969	0.0989289740696222	0.018836714171337067	None	None
0.07949	0.10066704246492009	0.018868749399519612	None	None
0.07929	0.11267693849413263	0.018900784627702158	None	None
0.0791	0.1668232494048425	0.018932819855884707	None	None
0.0789	0.2719528999123213	0.018964855084067252	None	None
0.0787	0.3242202179631022	0.018996890312249798	None	None
0.07851	0.2643429788299727	0.019028925540432343	None	None
0.07831	0.18506513841884953	0.01906096076861489	None	None
0.07812	0.13859138168572827	0.019092995996797434	None	None
0.07792	0.12166478767358058	0.019125031224979983	None	None
0.07773	0.113412877364226	0.01915706645316253	None	None
0.07754	0.14408743580088412	0.019189101681345074	None	None
0.07735	0.24430038832497303	0.01922113690952762	None	None
0.07715	0.33843793060259486	0.019253172137710165	None	None
0.07696	0.31147438306379627	0.01928520736589271	None	None
0.07677	0.2354691218838525	0.01931724259407526	None	None
0.07658	0.1847519729421947	0.019349277822257805	None	None
0.07639	0.1504916697981571	0.01938131305044035	None	None
0.0762	0.12404484529588444	0.019413348278622896	None	None
0.07601	0.13735437805326	0.01944538350680544	None	None
0.07582	0.21960729049214933	0.019477418734987987	None	None
0.07564	0.3298415382687381	0.019509453963170536	None	None
0.07545	0.34805211073535247	0.01954148919135308	None	None
0.07526	0.2848083427279562	0.019573524419535627	None	None
0.07508	0.23473318301375912	0.019605559647718172	None	None
0.07489	0.1907647500938765	0.019637594875900718	None	None
0.07471	0.14678065889984282	0.019669630104083263	None	None
0.07452	0.13985970186649865	0.01970166533226581	None	None
0.07434	0.2012557935613586	0.019733700560448358	None	None
0.07415	0.3061349116869678	0.019765735788630903	None	None
0.07397	0.36641926593983953	0.01979777101681345	None	None
0.07379	0.3328479268443516	0.019829806244995994	None	None
0.07361	0.2852154578476984	0.01986184147317854	None	None
0.07343	0.23809971188757117	0.019893876701361085	None	None
0.07324	0.17905236126762247	0.019925911929543634	None	None
0.07306	0.14966178128497631	0.01995794715772618	None	None
0.07288	0.18800889389922304	0.019989982385908725	None	None
0.0727	0.2772453964671513	0.02002201761409127	None	None
0.07253	0.3586214455717709	0.020054052842273816	None	None
0.07235	0.3678441688584826	0.02008608807045636	None	None
0.07217	0.3240949517721674	0.02011812329863891	None	None
0.07199	0.27856069146901064	0.020150158526821456	None	None
0.07182	0.210588124764854	0.020182193755004	None	None
0.07164	0.16306526368498453	0.020214228983186547	None	None
0.07146	0.17806589001611428	0.020246264211369092	None	None
0.07129	0.24746335963891397	0.020278299439551638	None	None
0.07111	0.3289490166603173	0.020310334667734187	None	None
0.07094	0.3794469497679529	0.020342369895916732	None	None
0.07076	0.3607822873605073	0.020374405124099278	None	None
0.07059	0.3173618940245433	0.020406440352281823	None	None
0.07042	0.24998434172584894	0.02043847558046437	None	None
0.07024	0.18472065639480206	0.020470510808646914	None	None
0.07007	0.17991356632819588	0.02050254603682946	None	None
0.0699	0.22267631216300288	0.02053458126501201	None	None
0.06973	0.2915727170234277	0.020566616493194554	None	None
0.06956	0.3674840285607388	0.0205986517213771	None	None
0.06939	0.3920831767504751	0.020630686949559645	None	None
0.06922	0.35525491669795883	0.02066272217774219	None	None
0.06905	0.28736064136273853	0.020694757405924736	None	None
0.06888	0.21583364649859504	0.020726792634107285	None	None
0.06871	0.19364587247901	0.02075882786228983	None	None
0.06855	0.21713328322675807	0.020790863090472376	None	None
0.06838	0.26346611549524823	0.02082289831865492	None	None
0.06821	0.3436991106100322	0.020854933546837467	None	None
0.06805	0.4134880370784231	0.020886968775020012	None	None
0.06788	0.3940404609793404	0.02091900400320256	None	None
0.06771	0.3280095202303528	0.020951039231385107	None	None
0.06755	0.25886258298851317	0.020983074459567652	None	None
0.06738	0.22129838406590352	0.021015109687750198	None	None
0.06722	0.21893398471729597	0.021047144915932743	None	None
0.06706	0.24680571213821167	0.02107918014411529	None	None
0.06689	0.3135725917572927	0.021111215372297838	None	None
0.06673	0.40938556933451764	0.021143250600480383	None	None
0.06657	0.4292402605533425	0.02117528582866293	None	None
0.06641	0.3703808092195686	0.021207321056845474	None	None
0.06624	0.30314418138550536	0.02123935628502802	None	None
0.06608	0.2527245396468061	0.021271391513210565	None	None
0.06592	0.23045847425782995	0.021303426741393114	None	None
0.06576	0.23730113992223778	0.02133546196957566	None	None
0.0656	0.2861236377298155	0.021367497197758205	None	None
0.06544	0.383533759238162	0.02139953242594075	None	None
0.06529	0.44575973944620273	0.021431567654123296	None	None
0.06513	0.4078667167727872	0.02146360288230584	None	None
0.06497	0.3431354127519626	0.021495638110488387	None	None
0.06481	0.2910246774395091	0.021527673338670936	None	None
0.06466	0.25292809720622245	0.02155970856685348	None	None
0.0645	0.23683139170725553	0.021591743795036027	None	None
0.06434	0.2646404860324765	0.021623779023218572	None	None
0.06419	0.3528905173493513	0.021655814251401118	None	None
0.06403	0.44422522861077596	0.021687849479583663	None	None
0.06388	0.44168858824968993	0.021719884707766212	None	None
0.06372	0.3826725541775886	0.021751919935948758	None	None
0.06357	0.3329575347611353	0.021783955164131303	None	None
0.06341	0.28557559814589695	0.02181599039231385	None	None
0.06326	0.24973380934488887	0.021848025620496394	None	None
0.06311	0.25610672679431445	0.02188006084867894	None	None
0.06296	0.32451772516560595	0.02191209607686149	None	None
0.0628	0.4234623575093792	0.021944131305044034	None	None
0.06265	0.4653482400099165	0.02197616653322658	None	None
0.0625	0.422287986972151	0.022008201761409125	None	None
0.06235	0.37442064386823404	0.02204023698959167	None	None
0.0622	0.3214330452210561	0.022072272217774216	None	None
0.06205	0.26670737817858026	0.022104307445956765	None	None
0.0619	0.2501096079167837	0.02213634267413931	None	None
0.06175	0.29512714518341454	0.022168377902321856	None	None
0.0616	0.38298571965424344	0.0222004131305044	None	None
0.06146	0.45582800952024627	0.022232448358686947	None	None
0.06131	0.44597895527977016	0.022264483586869492	None	None
0.06116	0.4016034072401453	0.022296518815052038	None	None
0.06101	0.3489602906174696	0.022328554043234587	None	None
0.06087	0.2821464361768449	0.022360589271417132	None	None
0.06072	0.2467743955903643	0.022392624499599677	None	None
0.06058	0.2677408242511774	0.022424659727782223	None	None
0.06043	0.3347269197042806	0.02245669495596477	None	None
0.06029	0.421708630840385	0.022488730184147314	None	None
0.06014	0.4541682324938847	0.022520765412329863	None	None
0.06	0.42183389703086505	0.02255280064051241	None	None
0.05985	0.3727608668418725	0.022584835868694954	None	None
0.05971	0.30671426781918854	0.0226168710968775	None	None
0.05957	0.253883251910338	0.022648906325060045	None	None
0.05942	0.2523017662529128	0.02268094155324259	None	None
0.05928	0.3004196417386993	0.02271297678142514	None	None
0.05914	0.37806902167085354	0.022745012009607685	None	None
0.059	0.447529124389348	0.02277704723779023	None	None
0.05886	0.44397469622936114	0.022809082465972776	None	None
0.05872	0.3981116121758532	0.02284111769415532	None	None
0.05858	0.33601089815829255	0.022873152922337867	None	None
0.05844	0.2738005762244029	0.022905188150520416	None	None
0.0583	0.2497651258922815	0.02293722337870296	None	None
0.05816	0.2737379431291629	0.022969258606885506	None	None
0.05802	0.33355254916705235	0.023001293835068052	None	None
0.05788	0.41466240761610607	0.023033329063250597	None	None
0.05774	0.4547475886256507	0.023065364291433143	None	None
0.05761	0.4216616560188413	0.02309739951961569	None	None
0.05747	0.360171614680894	0.023129434747798237	None	None
0.05733	0.2910716522610528	0.023161469975980783	None	None
0.05719	0.2515345108354268	0.02319350520416333	None	None
0.05706	0.25480709006615143	0.023225540432345874	None	None
0.05692	0.29158837529757875	0.02325757566052842	None	None
0.05679	0.36756231992967514	0.023289610888710965	None	None
0.05665	0.44392772140781744	0.023321646116893514	None	None
0.05652	0.44089001628435653	0.02335368134507606	None	None
0.05638	0.38398784917944795	0.023385716573258605	None	None
0.05625	0.3172522861077596	0.02341775180144115	None	None
0.05612	0.2640611299007105	0.023449787029623696	None	None
0.05598	0.2487160215455333	0.02348182225780624	None	None
0.05585	0.2648440435923476	0.02351385748598879	None	None
0.05572	0.3234216459977688	0.023545892714171335	None	None
0.05559	0.41337842916163936	0.02357792794235388	None	None
0.05545	0.44796755605648286	0.023609963170536426	None	None
0.05532	0.4041400476007766	0.023641998398718972	None	None
0.05519	0.3434329199549211	0.023674033626901517	None	None
0.05506	0.2857948139794644	0.023706068855084066	None	None
0.05493	0.2489978704747955	0.023738104083266612	None	None
0.0548	0.24329825879976852	0.023770139311449157	None	None
0.05467	0.2831642239757457	0.023802174539631703	None	None
0.05454	0.3683452336213122	0.023834209767814248	None	None
0.05441	0.4396686709255846	0.023866244995996794	None	None
0.05428	0.42327445822365917	0.02389828022417934	None	None
0.05416	0.36601215082055205	0.023930315452361888	None	None
0.05403	0.30682387573597225	0.023962350680544434	None	None
0.0539	0.25615370161585815	0.02399438590872698	None	None
0.05377	0.23066203181724632	0.024026421136909525	None	None
0.05365	0.24813666541376733	0.02405845636509207	None	None
0.05352	0.31510710259271946	0.024090491593274616	None	None
0.05339	0.4040774145055366	0.024122526821457164	None	None
0.05327	0.42620255543033636	0.02415456204963971	None	None
0.05314	0.37736439934860755	0.024186597277822255	None	None
0.05302	0.32386007766490366	0.0242186325060048	None	None
0.05289	0.2632938744832245	0.024250667734187346	None	None
0.05277	0.2202805962670027	0.024282702962369892	None	None
0.05264	0.21423650256792826	0.02431473819055244	None	None
0.05252	0.26143053989699183	0.024346773418734986	None	None
0.0524	0.34964925466601926	0.024378808646917532	None	None
0.05227	0.41032506576448213	0.024410843875100077	None	None
0.05215	0.3850212952520451	0.024442879103282623	None	None
0.05203	0.33731053488645557	0.024474914331465168	None	None
0.0519	0.28173932105710264	0.024506949559647717	None	None
0.05178	0.22374107478390215	0.024538984787830263	None	None
0.05166	0.19790492296124285	0.024571020016012808	None	None
0.05154	0.22378804960544585	0.024603055244195354	None	None
0.05142	0.2976637855440458	0.0246350904723779	None	None
0.0513	0.3784761367905958	0.024667125700560445	None	None
0.05118	0.39275648252532847	0.02469916092874299	None	None
0.05106	0.3540022547913395	0.02473119615692554	None	None
0.05094	0.305054490792827	0.024763231385108084	None	None
0.05082	0.2393993486157342	0.02479526661329063	None	None
0.0507	0.19308217462094035	0.024827301841473175	None	None
0.05058	0.20095828635840007	0.02485933706965572	None	None
0.05046	0.252583615182175	0.024891372297838266	None	None
0.05035	0.33131341600892483	0.024923407526020815	None	None
0.05023	0.3830640110231798	0.02495544275420336	None	None
0.05011	0.36389828385290457	0.024987477982385906	None	None
0.04999	0.3193348365275597	0.02501951321056845	None	None
0.04988	0.2534291619690521	0.025051548438750997	None	None
0.04976	0.1933170487282041	0.025083583666933543	None	None
0.04964	0.17720468495554087	0.02511561889511609	None	None
0.04953	0.20875610672646872	0.025147654123298637	None	None
0.04941	0.2746148064634326	0.025179689351481183	None	None
0.0493	0.3489916071648622	0.025211724579663728	None	None
0.04918	0.3676406112990662	0.025243759807846274	None	None
0.04907	0.32913691594603733	0.02527579503602882	None	None
0.04895	0.2677877990727211	0.025307830264211368	None	None
0.04884	0.19967430790393337	0.025339865492393913	None	None
0.04873	0.16815420268039816	0.02537190072057646	None	None
0.04861	0.17512213453574077	0.025403935948759004	None	None
0.0485	0.22151759989947095	0.02543597117694155	None	None
0.04839	0.3000908179878934	0.025468006405124095	None	None
0.04827	0.3564762620567308	0.02550004163330664	None	None
0.04816	0.3392678191153209	0.02553207686148919	None	None
0.04805	0.2853407240386332	0.025564112089671735	None	None
0.04794	0.21779093072746036	0.02559614731785428	None	None
0.04783	0.17095703369659532	0.025628182546036826	None	None
0.04772	0.16007453338306732	0.02566021777421937	None	None
0.04761	0.18410998371518872	0.025692253002401917	None	None
0.04749	0.2488569460101644	0.025724288230584466	None	None
0.04738	0.33112551672275004	0.02575632345876701	None	None
0.04727	0.34825566829476884	0.025788358686949557	None	None
0.04717	0.30264311662267573	0.025820393915132103	None	None
0.04706	0.2401509457595239	0.025852429143314648	None	None
0.04695	0.18246586496297823	0.025884464371497194	None	None
0.04684	0.15478203682823732	0.025916499599679742	None	None
0.04673	0.15871226356011903	0.025948534827862288	None	None
0.04662	0.20263372165845794	0.025980570056044833	None	None
0.04651	0.29021044720002465	0.02601260528422738	None	None
0.04641	0.34656457472101465	0.026044640512409924	None	None
0.0463	0.3148565702117594	0.02607667574059247	None	None
0.04619	0.2600212952520451	0.02610871096877502	None	None
0.04609	0.19976825754702077	0.026140746196957564	None	None
0.04598	0.1534824001000743	0.02617278142514011	None	None
0.04587	0.13392521608420793	0.026204816653322655	None	None
0.04577	0.15412438932708028	0.0262368518815052	None	None
0.04566	0.23141362896149076	0.026268887109687746	None	None
0.04556	0.31138043342070887	0.02630092233787029	None	None
0.04545	0.31134911687331623	0.02633295756605284	None	None
0.04535	0.2642020543653416	0.026364992794235386	None	None
0.04524	0.2136101716146186	0.02639702802241793	None	None
0.04514	0.15803895778526567	0.026429063250600477	None	None
0.04503	0.1180477264183537	0.026461098478783023	None	None
0.04493	0.12020856820709014	0.026493133706965568	None	None
0.04483	0.17963171739938844	0.026525168935148117	None	None
0.04472	0.2692283602655152	0.026557204163330662	None	None
0.04462	0.3082018038330716	0.026589239391513208	None	None
0.04452	0.27436427408247255	0.026621274619695753	None	None
0.04442	0.23113178003222856	0.0266533098478783	None	None
0.04431	0.17645308781129643	0.026685345076060844	None	None
0.04421	0.12233809344843394	0.026717380304243393	None	None
0.04411	0.10140298133501346	0.02674941553242594	None	None
0.04401	0.14053300764089727	0.026781450760608484	None	None
0.04391	0.22206563948384428	0.02681348598879103	None	None
0.04381	0.29226168107197736	0.026845521216973575	None	None
0.04371	0.28433859451297394	0.02687755644515612	None	None
0.04361	0.248058374044831	0.02690959167333867	None	None
0.04351	0.20073907052483264	0.026941626901521215	None	None
0.04341	0.13478642114478134	0.02697366212970376	None	None
0.04331	0.09490479769510785	0.027005697357886306	None	None
0.04321	0.11169046724262444	0.02703773258606885	None	None
0.04311	0.17465238632075852	0.027069767814251397	None	None
0.04301	0.2535231116121395	0.027101803042433942	None	None
0.04291	0.28357133909548793	0.02713383827061649	None	None
0.04282	0.2606006513842658	0.027165873498799037	None	None
0.04272	0.21977953150417306	0.027197908726981582	None	None
0.04262	0.15310660152817945	0.027229943955164128	None	None
0.04252	0.09343291995492109	0.027261979183346673	None	None
0.04243	0.08948703494934307	0.02729401441152922	None	None
0.04233	0.13369034197648944	0.027326049639711768	None	None
0.04223	0.20451271451838693	0.027358084867894313	None	None
0.04214	0.26651947889240546	0.02739012009607686	None	None
0.04204	0.26744331704867363	0.027422155324259404	None	None
0.04195	0.235766629086811	0.02745419055244195	None	None
0.04185	0.1763434798945127	0.027486225780624495	None	None
0.04175	0.1058342728297248	0.027518261008807044	None	None
0.04166	0.07984153826873808	0.02755029623698959	None	None
0.04156	0.10238945258652166	0.027582331465172135	None	None
0.04147	0.15592509081761818	0.02761436669335468	None	None
0.04138	0.22831329074278983	0.027646401921537226	None	None
0.04128	0.2660184141300306	0.02767843714971977	None	None
0.04119	0.2470249279717791	0.02771047237790232	None	None
0.04109	0.19754478266304432	0.027742507606084866	None	None
0.041	0.12319929850900735	0.02777454283426741	None	None
0.04091	0.07982587999504176	0.027806578062449957	None	None
0.04081	0.08312977577315905	0.027838613290632502	None	None
0.04072	0.11969184517101894	0.027870648518815048	None	None
0.04063	0.18556620318167916	0.027902683746997593	None	None
0.04054	0.25604409369907444	0.027934718975180142	None	None
0.04045	0.2619472629335178	0.027966754203362688	None	None
0.04035	0.22046849555272274	0.027998789431545233	None	None
0.04026	0.15127458348979417	0.02803082465972778	None	None
0.04017	0.09430978328919082	0.028062859887910324	None	None
0.04008	0.0781661029686802	0.02809489511609287	None	None
0.03999	0.09185143429795062	0.02812693034427542	None	None
0.0399	0.1399849680569787	0.028158965572457964	None	None
0.03981	0.2253069021671763	0.02819100080064051	None	None
0.03972	0.26590880621324686	0.028223036028823055	None	None
0.03963	0.23474884128745543	0.0282550712570056	None	None
0.03954	0.1766723036453186	0.028287106485188146	None	None
0.03945	0.11471251409238903	0.028319141713370695	None	None
0.03936	0.07930915695851581	0.02835117694155324	None	None
0.03927	0.07179318551925462	0.028383212169735786	None	None
0.03918	0.10141863960916453	0.02841524739791833	None	None
0.0391	0.18171426781918854	0.028447282626100877	None	None
0.03901	0.25604409369907444	0.028479317854283422	None	None
0.03892	0.24638293874477313	0.02851135308246597	None	None
0.03883	0.19471063509945452	0.028543388310648517	None	None
0.03874	0.14156645371394916	0.028575423538831062	None	None
0.03866	0.09457597394430195	0.028607458767013608	None	None
0.03857	0.06872416384794633	0.028639493995196153	None	None
0.03848	0.07746148064643421	0.0286715292233787	None	None
0.0384	0.1439621696104041	0.028703564451561248	None	None
0.03831	0.23678441688571183	0.028735599679743793	None	None
0.03822	0.26147751471853553	0.02876763490792634	None	None
0.03814	0.2229738193659614	0.028799670136108884	None	None
0.03805	0.17844168858800913	0.02883170536429143	None	None
0.03797	0.12622134535877194	0.028863740592473975	None	None
0.03788	0.08126644118738113	0.02889577582065652	None	None
0.0378	0.06963234373006344	0.02892781104883907	None	None
0.03771	0.11604346736794469	0.028959846277021615	None	None
0.03763	0.2068614555928434	0.02899188150520416	None	None
0.03754	0.26478141049710757	0.029023916733386706	None	None
0.03746	0.24177940623803806	0.02905595196156925	None	None
0.03738	0.20678316422390708	0.029087987189751797	None	None
0.03729	0.1610140298130318	0.029120022417934346	None	None
0.03721	0.10193536264569047	0.02915205764611689	None	None
0.03712	0.06563948390294172	0.029184092874299437	None	None
0.03704	0.08807779030439633	0.029216128102481982	None	None
0.03696	0.16925028184869007	0.029248163330664528	None	None
0.03688	0.24525554302863384	0.029280198558847073	None	None
0.03679	0.24935801077253927	0.029312233787029622	None	None
0.03671	0.22358449204557473	0.029344269015212168	None	None
0.03663	0.19253413503702177	0.029376304243394713	None	None
0.03655	0.12706689214564904	0.02940833947157726	None	None
0.03647	0.06734623575084697	0.029440374699759804	None	None
0.03638	0.07398534385538369	0.02947240992794235	None	None
0.0363	0.1379024176371786	0.0295044451561249	None	None
0.03622	0.21268633345835042	0.029536480384307444	None	None
0.03614	0.2518633345857779	0.02956851561248999	None	None
0.03606	0.24256231992967514	0.029600550840672535	None	None
0.03598	0.22527558561932892	0.02963258606885508	None	None
0.0359	0.1621414255291711	0.029664621297037626	None	None
0.03582	0.08759238381526302	0.02969665652522017	None	None
0.03574	0.07461167480869335	0.02972869175340272	None	None
0.03566	0.11659150695231801	0.029760726981585266	None	None
0.03558	0.1791619691844062	0.02979276220976781	None	None
0.0355	0.2394932982588216	0.029824797437950357	None	None
0.03542	0.26158712263531925	0.029856832666132902	None	None
0.03534	0.25501064762602255	0.029888867894315448	None	None
0.03527	0.20114618564412012	0.029920903122497997	None	None
0.03519	0.11731178754826033	0.029952938350680542	None	None
0.03511	0.08788989101822153	0.029984973578863088	None	None
0.03503	0.11573030189128986	0.030017008807045633	None	None
0.03495	0.1523863209317824	0.03004904403522818	None	None
0.03488	0.2052016785669366	0.030081079263410724	None	None
0.0348	0.2712169610422279	0.030113114491593273	None	None
0.03472	0.28560691469374433	0.03014514971977582	None	None
0.03465	0.23803707879233116	0.030177184947958364	None	None
0.03457	0.15296567706354836	0.03020922017614091	None	None
0.03449	0.10689903545016932	0.030241255404323455	None	None
0.03442	0.1123167981959341	0.030273290632506	None	None
0.03434	0.13652448954007923	0.03030532586068855	None	None
0.03426	0.18472065639480206	0.030337361088871095	None	None
0.03419	0.26346611549524823	0.03036939631705364	None	None
0.03411	0.2991356632842326	0.030401431545236186	None	None
0.03404	0.26835149693079074	0.03043346677341873	None	None
0.03396	0.2003632719529378	0.030465502001601277	None	None
0.03389	0.13948390329414906	0.030497537229783822	None	None
0.03381	0.12445196041562667	0.03052957245796637	None	None
0.03374	0.12922773393438547	0.030561607686148917	None	None
0.03366	0.15918201177464653	0.030593642914331462	None	None
0.03359	0.23982212200917274	0.030625678142514007	None	None
0.03351	0.31055054490798284	0.030657713370696553	None	None
0.03344	0.29609795816077167	0.0306897485988791	None	None
0.03337	0.23894525867444827	0.030721783827061647	None	None
0.03329	0.1803676562694818	0.030753819055244193	None	None
0.03322	0.14782976324659103	0.03078585428342674	None	None
0.03315	0.13430101465610278	0.030817889511609284	None	None
0.03307	0.1403294500814809	0.03084992473979183	None	None
0.033	0.21223224351751924	0.030881959967974375	None	None
0.03293	0.30871852686959755	0.030913995196156924	None	None
0.03286	0.3218871351618873	0.03094603042433947	None	None
0.03278	0.2729237128896784	0.030978065652522015	None	None
0.03271	0.22206563948384428	0.03101010088070456	None	None
0.03264	0.18069648001983296	0.031042136108887106	None	None
0.03257	0.1477201553298073	0.03107417133706965	None	None
0.0325	0.1343793060250391	0.0311062065652522	None	None
0.03242	0.18755480395839186	0.031138241793434746	None	None
0.03235	0.29014781410478463	0.03117027702161729	None	None
0.03228	0.3365119629211222	0.031202312249799836	None	None
0.03221	0.30115558060879266	0.031234347477982382	None	None
0.03214	0.2624013528748037	0.03126638270616493	None	None
0.03207	0.22352185895033472	0.031298417934347476	None	None
0.032	0.17576412376274675	0.03133045316253002	None	None
0.03193	0.14029813353363352	0.03136248839071257	None	None
0.03186	0.1713641488158828	0.03139452361889511	None	None
0.03179	0.2650476011522187	0.03142655884707766	None	None
0.03172	0.3411937867967936	0.03145859407526021	None	None
0.03165	0.32583302016792004	0.03149062930344275	None	None
0.03158	0.29717837905536726	0.0315226645316253	None	None
0.03151	0.27034009770750345	0.03155469975980784	None	None
0.03144	0.2115276211948185	0.03158673498799039	None	None
0.03138	0.15691156206912638	0.03161877021617294	None	None
0.03131	0.1660716522610528	0.03165080544435548	None	None
0.03124	0.24650820493525316	0.03168284067253803	None	None
0.03117	0.33161092321188335	0.03171487590072057	None	None
0.0311	0.34668984091194943	0.03174691112890312	None	None
0.03104	0.33157960666403596	0.03177894635708566	None	None
0.03097	0.3207910559940501	0.03181098158526821	None	None
0.0309	0.2621038456718452	0.03184301681345076	None	None
0.03083	0.18813416009015782	0.0318750520416333	None	None
0.03077	0.17759614180113203	0.03190708726981585	None	None
0.0307	0.23813102843541856	0.03193912249799839	None	None
0.03063	0.3145277464609535	0.03197115772618094	None	None
0.03056	0.35813603908309233	0.032003192954363484	None	None
0.0305	0.36164349242108074	0.03203522818254603	None	None
0.03043	0.35915382688199315	0.03206726341072858	None	None
0.03037	0.31205373919556223	0.032099298638911124	None	None
0.0303	0.2296599022920418	0.03213133386709367	None	None
0.03023	0.19486721783778194	0.032163369095276215	None	None
0.03017	0.23304208944000493	0.032195404323458764	None	None
0.0301	0.2944694976822575	0.03222743955164131	None	None
0.03004	0.35118376550144603	0.032259474779823855	None	None
0.02997	0.3845672053112139	0.032291510008006404	None	None
0.02991	0.39126894651099065	0.032323545236188946	None	None
0.02984	0.3588719779531857	0.032355580464371494	None	None
0.02978	0.27422334961784145	0.032387615692554036	None	None
0.02971	0.222879869722874	0.032419650920736585	None	None
0.02965	0.23813102843541856	0.032451686148919134	None	None
0.02958	0.2809720656391619	0.032483721377101676	None	None
0.02952	0.33142302392570855	0.032515756605284225	None	None
0.02946	0.3913315796066854	0.03254779183346677	None	None
0.02939	0.41694851559532253	0.032579827061649316	None	None
0.02933	0.3967180258046028	0.032611862289831865	None	None
0.02927	0.3202586746833731	0.03264389751801441	None	None
0.0292	0.2547757735187588	0.032675932746196956	None	None
0.02914	0.2526619065511113	0.0327079679743795	None	None
0.02908	0.27458348991604	0.03274000320256205	None	None
0.02901	0.3081078541899842	0.03277203843074459	None	None
0.02895	0.38298571965424344	0.03280407365892714	None	None
0.02889	0.4408586997369639	0.03283610888710969	None	None
0.02883	0.430054490792827	0.03286814411529223	None	None
0.02876	0.3661061004631847	0.03290017934347478	None	None
0.0287	0.29677126393562503	0.03293221457165732	None	None
0.02864	0.2744112489035615	0.03296424979983987	None	None
0.02858	0.2779813353372447	0.03299628502802241	None	None
0.02852	0.2939527746461863	0.03302832025620496	None	None
0.02846	0.3594826506323443	0.03306035548438751	None	None
0.02839	0.44492985093302195	0.03309239071257005	None	None
0.02833	0.4587561067264687	0.0331244259407526	None	None
0.02827	0.4066297131403189	0.03315646116893514	None	None
0.02821	0.33629274708755474	0.03318849639711769	None	None
0.02815	0.3062758361515989	0.03322053162530024	None	None
0.02809	0.30380182888620766	0.03325256685348278	None	None
0.02803	0.2832268570709857	0.03328460208166533	None	None
0.02797	0.31529500187889425	0.03331663730984787	None	None
0.02791	0.43064950519828926	0.03334867253803042	None	None
0.02785	0.48634598521857697	0.033380707766212964	None	None
0.02779	0.43063384692459294	0.03341274299439551	None	None
0.02773	0.37269823374663247	0.03344477822257806	None	None
0.02767	0.33455467869225686	0.033476813450760604	None	None
0.02761	0.305054490792827	0.03350884867894315	None	None
0.02755	0.27690091444310383	0.033540883907125695	None	None
0.02749	0.30250219215804464	0.03357291913530824	None	None
0.02743	0.4003350870598297	0.03360495436349079	None	None
0.02738	0.47006138043343526	0.033636989591673334	None	None
0.02732	0.44597895527977016	0.03366902481985588	None	None
0.02726	0.4041400476007766	0.033701060048038425	None	None
0.0272	0.3643993486157342	0.033733095276220974	None	None
0.02714	0.3177690091442855	0.033765130504403516	None	None
0.02708	0.27217211574588873	0.033797165732586065	None	None
0.02703	0.27697920581204016	0.033829200960768614	None	None
0.02697	0.35531754979319885	0.033861236188951156	None	None
0.02691	0.44322309908557145	0.033893271417133705	None	None
0.02685	0.4495803582613007	0.03392530664531625	None	None
0.0268	0.4179036702994381	0.033957341873498796	None	None
0.02674	0.3918952774643003	0.03398937710168134	None	None
0.02668	0.3390172867343608	0.03402141232986389	None	None
0.02662	0.2764937993233616	0.034053447558046436	None	None
0.02657	0.2619472629335178	0.03408548278622898	None	None
0.02651	0.319475760991736	0.03411751801441153	None	None
0.02645	0.4034980583737706	0.03414955324259407	None	None
0.0264	0.43924589753214605	0.03418158847077662	None	None
0.02634	0.4246993611423022	0.03421362369895917	None	None
0.02629	0.4113428535638377	0.03424565892714171	None	None
0.02623	0.36283352123246004	0.03427769415532426	None	None
0.02617	0.2873449830890422	0.0343097293835068	None	None
0.02612	0.2537423274457069	0.03434176461168935	None	None
0.02606	0.2870787924339311	0.03437379983987189	None	None
0.02601	0.3602655643239814	0.03440583506805444	None	None
0.02595	0.42106664161337903	0.03443787029623699	None	None
0.0259	0.43052423900780923	0.03446990552441953	None	None
0.02584	0.42567017411965935	0.03450194075260208	None	None
0.02579	0.39064261555813573	0.03453397598078462	None	None
0.02573	0.312883627708743	0.03456601120896717	None	None
0.02568	0.26024051108606727	0.03459804643714971	None	None
0.02562	0.27120130276807686	0.03463008166533226	None	None
0.02557	0.32649066766862234	0.03466211689351481	None	None
0.02552	0.38863835650727196	0.03469415212169735	None	None
0.02546	0.4275804835274357	0.0347261873498799	None	None
0.02541	0.4348302643115858	0.034758222578062443	None	None
0.02535	0.41632218464201287	0.03479025780624499	None	None
0.0253	0.3415226105471447	0.03482229303442754	None	None
0.02525	0.27406676687951403	0.03485432826261008	None	None
0.02519	0.2657365652007684	0.03488636349079263	None	None
0.02514	0.29916697983207996	0.034918398718975174	None	None
0.02509	0.34800513591380877	0.03495043394715772	None	None
0.02503	0.40753789302243604	0.034982469175340265	None	None
0.02498	0.4377113866967193	0.035014504403522814	None	None
0.02493	0.42977264186401953	0.03504653963170536	None	None
0.02488	0.36856444945487965	0.035078574859887905	None	None
0.02482	0.2910403357132054	0.035110610088070454	None	None
0.02477	0.2621351622196926	0.035142645316252996	None	None
0.02472	0.27622760866825047	0.035174680544435545	None	None
0.02467	0.3070430915695397	0.035206715772618094	None	None
0.02461	0.37053739195789603	0.035238751000800636	None	None
0.02456	0.42700112739566976	0.035270786228983185	None	None
0.02451	0.4322623074031071	0.03530282145716573	None	None
0.02446	0.38953087811569276	0.035334856685348276	None	None
0.02441	0.314699987473432	0.03536689191353082	None	None
0.02436	0.2660184141300306	0.03539892714171337	None	None
0.0243	0.2582205937615072	0.035430962369895916	None	None
0.02425	0.2717493423524502	0.03546299759807846	None	None
0.0242	0.32384441939120734	0.03549503282626101	None	None
0.02415	0.39991231366639113	0.03552706805444355	None	None
0.0241	0.42231930351999836	0.0355591032826261	None	None
0.02405	0.39440060127753895	0.03559113851080864	None	None
0.024	0.3346956031564332	0.03562317373899119	None	None
0.02395	0.27721407991975866	0.03565520896717374	None	None
0.0239	0.2469309783286917	0.03568724419535628	None	None
0.02385	0.23952461480621423	0.03571927942353883	None	None
0.0238	0.27812225980187577	0.03575131465172137	None	None
0.02375	0.36175310033786445	0.03578334987990392	None	None
0.0237	0.41167167731418886	0.03581538510808647	None	None
0.02365	0.39266253288224107	0.03584742033626901	None	None
0.0236	0.3531567080044624	0.03587945556445156	None	None
0.02355	0.3002317424525245	0.0359114907926341	None	None
0.0235	0.2526149317295676	0.03594352602081665	None	None
0.02345	0.22319303519952882	0.03597556124899919	None	None
0.0234	0.24148189903507955	0.03600759647718174	None	None
0.02335	0.31527934360519794	0.03603963170536429	None	None
0.02331	0.38862269823357565	0.03607166693354683	None	None
0.02326	0.3892177126390379	0.03610370216172938	None	None
0.02321	0.3620662658145193	0.03613573738991192	None	None
0.02316	0.32205937617436575	0.03616777261809447	None	None
0.02311	0.26487536014019497	0.036199807846277014	None	None
0.02306	0.2176969810848277	0.03623184307445956	None	None
0.02301	0.21198171113610442	0.03626387830264211	None	None
0.02297	0.2692753350870589	0.036295913530824654	None	None
0.02292	0.35262432669424015	0.0363279487590072	None	None
0.02287	0.3792433922080818	0.036359983987189745	None	None
0.02282	0.3622541651006941	0.036392019215372294	None	None
0.02278	0.3379212075660689	0.03642405444355484	None	None
0.02273	0.2791243893270803	0.036456089671737385	None	None
0.02268	0.21519165727158907	0.036488124899919934	None	None
0.02263	0.1898565702117594	0.036520160128102476	None	None
0.02259	0.22641863960916453	0.036552195356285025	None	None
0.02254	0.30279969936100315	0.03658423058446757	None	None
0.02249	0.3548164850303692	0.036616265812650116	None	None
0.02245	0.3544406864584744	0.036648301040832665	None	None
0.0224	0.34470124013523673	0.03668033626901521	None	None
0.02235	0.3001377928094371	0.036712371497197756	None	None
0.02231	0.2259175748463349	0.0367444067253803	None	None
0.02226	0.18014844043591438	0.03677644195356285	None	None
0.02221	0.19616685456594496	0.036808477181745396	None	None
0.02217	0.2565138419140567	0.03684051240992794	None	None
0.02212	0.32011775021919675	0.03687254763811049	None	None
0.02208	0.3441375422771671	0.03690458286629303	None	None
0.02203	0.3422585494172381	0.03693661809447558	None	None
0.02198	0.31922522861077596	0.03696865332265812	None	None
0.02194	0.2429850933231137	0.03700068855084067	None	None
0.02189	0.17969435049462845	0.03703272377902322	None	None
0.02185	0.17391644745066515	0.03706475900720576	None	None
0.0218	0.2127176500061978	0.03709679423538831	None	None
0.02176	0.2698703494925212	0.03712882946357085	None	None
0.02171	0.31878679694318635	0.0371608646917534	None	None
0.02167	0.3329575347611353	0.03719289991993594	None	None
0.02162	0.3234842790930088	0.03722493514811849	None	None
0.02158	0.2621664787670852	0.03725697037630104	None	None
0.02153	0.18572278592000657	0.03728900560448358	None	None
0.02149	0.16071652261052805	0.03732104083266613	None	None
0.02144	0.17900538644607877	0.03735307606084867	None	None
0.0214	0.22178379055458208	0.03738511128903122	None	None
0.02136	0.2833521232619205	0.03741714651721377	None	None
0.02131	0.3211042214702502	0.03744918174539631	None	None
0.02127	0.3216052862330798	0.03748121697357886	None	None
0.02122	0.27807528498033207	0.0375132522017614	None	None
0.02118	0.2013654014781423	0.03754528742994395	None	None
0.02114	0.15786671677278719	0.037577322658126494	None	None
0.02109	0.15360766629055433	0.03760935788630904	None	None
0.02105	0.17690717775258236	0.03764139311449159	None	None
0.02101	0.2385068270073134	0.037673428342674134	None	None
0.02096	0.3021420518598461	0.03770546357085668	None	None
0.02092	0.31610923211792397	0.037737498799039225	None	None
0.02088	0.28961543279456237	0.037769534027221774	None	None
0.02083	0.22745208568176167	0.037801569255404316	None	None
0.02079	0.1705029437553094	0.037833604483586865	None	None
0.02075	0.14438494300384264	0.037865639711769414	None	None
0.02071	0.1498966553926948	0.037897674939951956	None	None
0.02066	0.19801453087802656	0.037929710168134505	None	None
0.02062	0.2725165977699362	0.03796174539631705	None	None
0.02058	0.3082487786546153	0.037993780624499596	None	None
0.02054	0.29420330702714637	0.038025815852682145	None	None
0.02049	0.25126832018031564	0.03805785108086469	None	None
0.02045	0.1867405737189074	0.038089886309047236	None	None
0.02041	0.14389953651516407	0.03812192153722978	None	None
0.02037	0.1279907303019172	0.03815395676541233	None	None
0.02033	0.15600338218700927	0.03818599199359487	None	None
0.02028	0.23100651384174853	0.03821802722177742	None	None
0.02024	0.2896780658898024	0.038250062449959966	None	None
0.0202	0.28754854064891333	0.03828209767814251	None	None
0.02016	0.2605693348364184	0.03831413290632506	None	None
0.02012	0.20870913190492502	0.0383461681345076	None	None
0.02008	0.15186959789525645	0.03837820336269015	None	None
0.02004	0.11493172992595646	0.0384102385908727	None	None
0.02	0.11983276963519529	0.03844227381905524	None	None
0.01996	0.1812601778779026	0.03847430904723779	None	None
0.01991	0.2566704246523841	0.03850634427542033	None	None
0.01987	0.27701052235988755	0.03853837950360288	None	None
0.01983	0.26288675936348227	0.03857041473178542	None	None
0.01979	0.2308029562818774	0.03860244995996797	None	None
0.01975	0.16940686458701748	0.03863448518815052	None	None
0.01971	0.1142114493295594	0.03866652041633306	None	None
0.01967	0.10202931228832313	0.03869855564451561	None	None
0.01963	0.1456219466363109	0.03873059087269815	None	None
0.01959	0.22139233370899092	0.0387626261008807	None	None
0.01955	0.2654390579982646	0.03879466132906324	None	None
0.01951	0.26559564073659203	0.03882669655724579	None	None
0.01947	0.25286546411098243	0.03885873178542834	None	None
0.01943	0.19835901290207403	0.03889076701361088	None	None
0.01939	0.13008893899541363	0.03892280224179343	None	None
0.01935	0.099116873355797	0.038954837469975974	None	None
0.01931	0.12417011148681922	0.03898687269815852	None	None
0.01928	0.18457973193017096	0.03901890792634107	None	None
0.01924	0.24567831642207238	0.039050943154523614	None	None
0.0192	0.26476575222341125	0.03908297838270616	None	None
0.01916	0.2639515219839268	0.039115013610888705	None	None
0.01912	0.22936239508953804	0.039147048839071254	None	None
0.01908	0.15346674182637798	0.039179084067253796	None	None
0.01904	0.10005636978576149	0.039211119295436345	None	None
0.019	0.10210760365771421	0.039243154523618894	None	None
0.01896	0.14607603657759682	0.039275189751801436	None	None
0.01893	0.2091319052988183	0.039307224979983985	None	None
0.01889	0.24699361142393172	0.03933926020816653	None	None
0.01885	0.25784479518961234	0.039371295436349076	None	None
0.01881	0.2442847300512767	0.03940333066453162	None	None
0.01877	0.17767443317052312	0.039435365892714166	None	None
0.01873	0.11145559313536069	0.039467401120896715	None	None
0.0187	0.09311975447826626	0.03949943634907926	None	None
0.01866	0.11612175873733577	0.039531471577261806	None	None
0.01862	0.17195916322179983	0.03956350680544435	None	None
0.01858	0.2319303519980167	0.0395955420336269	None	None
0.01855	0.256592133282993	0.039627577261809446	None	None
0.01851	0.2557935613176596	0.03965961248999199	None	None
0.01847	0.2100244269072391	0.03969164771817454	None	None
0.01843	0.13464549668015025	0.03972368294635708	None	None
0.0184	0.09592258549400867	0.03975571817453963	None	None
0.01836	0.10135600651346977	0.03978775340272217	None	None
0.01832	0.1372134535886289	0.03981978863090472	None	None
0.01829	0.20030063885724303	0.03985182385908727	None	None
0.01825	0.2518633345857779	0.03988385908726981	None	None
0.01821	0.26072591757474584	0.03991589431545236	None	None
0.01818	0.2356257046221799	0.0399479295436349	None	None
0.01814	0.16456845797301867	0.03997996477181745	None	None
0.0181	0.11065702117002729	0.040012	None	None
